price,bedrooms,bathrooms,accommodates,parking_spaces,square_meters,pool,garden,security,pet_friendly,near_beach,location_score,property_age,description_length,num_photos,has_agency,property_type_id
290000.0,1,1,3,0.0,666.0,0,0,0,0,1,8,10,291,8,1,8
350000.0,1,1,3,0.0,595.0,0,0,0,0,0,7,10,778,8,1,8
360000.0,1,1,3,0.0,350.0,1,0,0,0,1,9,10,520,10,1,8
365000.0,1,1,3,0.0,0.0,0,0,0,0,1,9,10,699,7,1,8
375000.0,1,1,3,0.0,0.0,1,0,0,0,1,9,10,694,13,1,8
400000.0,1,1,3,0.0,0.0,0,0,0,0,0,7,10,817,19,1,8
450000.0,1,1,3,0.0,458.0,0,0,0,0,0,7,10,649,4,1,8
450000.0,1,1,3,0.0,0.0,1,0,0,0,1,7,10,304,8,1,8
475000.0,1,1,3,0.0,0.0,0,0,0,0,0,7,10,652,4,1,8
480000.0,1,1,3,0.0,0.0,0,0,0,0,1,7,10,1269,15,1,8
496000.0,1,1,3,0.0,512.0,0,0,1,0,0,7,10,1306,7,1,8
530000.0,1,1,3,0.0,0.0,0,0,0,0,1,7,10,635,5,1,8
535000.0,1,1,3,0.0,600.0,0,0,0,0,1,7,10,2078,12,1,8
535000.0,1,1,3,0.0,0.0,1,0,0,0,1,7,10,1210,4,1,8
535000.0,1,1,3,0.0,0.0,0,0,0,0,1,7,10,1007,10,1,8
545000.0,1,1,3,0.0,0.0,0,0,0,0,1,7,10,410,13,1,8
546000.0,1,1,3,0.0,601.0,0,0,0,0,1,7,10,873,8,1,8
580000.0,1,1,3,0.0,1278.0,0,0,0,0,0,7,10,984,13,1,8
580000.0,1,1,3,0.0,0.0,0,0,0,0,0,7,10,409,6,1,8
585000.0,1,1,3,0.0,990.0,0,0,0,0,1,7,10,318,6,1,8
640000.0,1,1,3,0.0,880.0,0,1,0,0,1,8,10,1273,14,1,8
640000.0,1,1,3,0.0,0.0,0,1,0,0,1,8,10,1974,13,1,8
650000.0,1,1,3,0.0,829.0,0,0,0,0,0,7,10,770,13,1,8
650000.0,1,1,3,0.0,818.0,0,0,0,0,1,7,10,1271,13,1,8
695000.0,1,1,3,0.0,0.0,0,0,0,0,1,9,10,837,6,1,8
715000.0,1,1,3,1.0,0.0,0,1,1,1,0,7,10,798,12,1,5
750000.0,1,1,3,0.0,0.0,0,0,0,0,1,7,10,1334,14,1,8
750000.0,1,1,3,0.0,0.0,0,0,1,0,1,7,10,751,6,1,8
750000.0,1,1,3,0.0,0.0,0,0,0,0,1,7,10,790,7,1,8
790000.0,1,1,3,0.0,0.0,0,0,0,0,1,7,10,1447,11,1,8
799000.0,1,1,3,0.0,880.0,0,1,0,0,1,8,10,1789,7,1,8
800000.0,2,1,5,1.0,0.0,0,0,0,1,1,7,10,871,19,1,4
825000.0,1,1,3,0.0,600.0,0,0,0,0,1,7,10,1155,19,1,8
830000.0,1,1,3,0.0,0.0,0,0,0,0,1,7,10,1259,9,1,8
850000.0,2,1,5,1.0,0.0,0,1,0,1,1,7,10,704,17,1,5
850000.0,1,1,3,0.0,0.0,0,0,0,0,1,9,10,347,12,1,8
899000.0,1,1,3,0.0,0.0,0,0,0,0,1,7,10,728,8,1,8
899000.0,3,1,7,3.0,0.0,0,0,0,1,0,7,10,562,14,1,4
995000.0,1,1,3,0.0,600.0,0,0,0,0,1,7,10,1203,9,1,8
1000000.0,1,1,3,0.0,654.0,0,0,1,0,1,7,10,1454,7,1,8
1070000.0,1,1,3,0.0,0.0,0,0,0,0,1,7,10,1645,33,1,8
1075000.0,2,1,5,1.0,0.0,0,0,1,1,0,7,10,690,9,1,5
1095000.0,1,1,3,0.0,0.0,0,0,0,0,0,7,10,1411,15,1,8
1100000.0,1,1,3,0.0,0.0,0,0,0,0,1,7,10,1260,14,1,8
1100000.0,1,1,3,0.0,891.0,0,0,1,0,1,8,10,1631,19,1,8
1150000.0,1,1,3,2.0,0.0,0,1,0,1,0,7,10,1011,14,1,5
1180000.0,2,2,5,1.0,0.0,0,1,0,0,1,7,10,409,12,1,5
1180000.0,2,2,5,1.0,0.0,0,0,0,0,1,7,10,1897,30,1,5
1200000.0,1,1,3,0.0,1457.0,0,1,0,0,1,8,10,1435,10,1,8
1200000.0,2,1,5,1.0,0.0,1,1,0,0,1,9,10,833,21,1,5
1200000.0,1,1,3,0.0,0.0,0,0,0,0,1,7,10,650,14,1,8
1250000.0,2,2,5,4.0,0.0,0,0,0,1,0,7,10,526,13,1,4
1295000.0,1,1,3,0.0,0.0,1,0,0,0,1,7,10,770,4,1,8
1299999.0,3,3,7,6.0,0.0,0,0,0,1,1,9,10,897,17,1,4
1350000.0,4,3,9,7.0,161.0,0,1,1,1,1,8,10,1793,29,1,4
1350000.0,1,1,3,0.0,502.0,0,0,0,0,1,7,10,956,15,1,8
1395000.0,4,1,9,4.0,0.0,1,1,0,1,0,7,10,814,23,1,4
1400000.0,1,1,3,0.0,1339.0,0,1,0,0,1,8,10,2007,6,1,8
1490000.0,1,1,3,0.0,0.0,0,0,0,0,0,7,10,1075,26,1,10
1495000.0,3,2,7,8.0,170.0,1,1,0,1,1,7,10,2984,27,1,4
1499000.0,2,1,5,0.0,0.0,0,1,0,1,1,7,10,612,18,1,4
1499000.0,2,1,5,1.0,99.0,0,0,0,1,0,7,10,955,18,1,4
1557000.0,2,1,5,3.0,0.0,0,1,0,1,0,7,10,2129,21,1,4
1590000.0,1,1,3,0.0,520.0,1,0,0,0,1,7,10,583,11,1,8
1600000.0,1,1,3,0.0,0.0,1,0,0,0,1,7,10,1165,14,1,8
1600000.0,1,1,3,0.0,0.0,0,0,0,0,0,7,10,1038,15,1,8
1600000.0,1,1,3,0.0,0.0,0,0,0,0,0,7,10,844,18,1,8
1650000.0,1,1,3,0.0,0.0,0,0,0,0,1,9,10,383,13,1,8
1650000.0,1,1,3,0.0,0.0,0,1,0,0,1,7,10,719,10,1,8
1650000.0,2,1,5,0.0,0.0,0,0,1,0,1,9,10,1706,19,1,5
1650000.0,1,1,3,1.0,0.0,0,1,0,0,0,7,10,1569,11,1,5
1650000.0,2,1,5,2.0,0.0,0,1,0,1,1,7,10,1296,24,1,4
1690000.0,4,2,9,2.0,0.0,1,1,1,1,1,7,10,1201,33,1,4
1695000.0,3,2,7,8.0,972.0,0,1,1,1,1,7,10,1847,19,1,4
1695000.0,2,1,5,2.0,0.0,0,0,1,1,1,7,10,1786,34,1,4
1695000.0,1,1,3,0.0,0.0,0,0,0,0,1,7,10,552,17,1,8
1750000.0,3,2,7,1.0,0.0,0,0,0,1,1,7,10,1033,29,1,5
1750000.0,1,1,3,0.0,773.0,0,0,0,0,1,7,10,1533,10,1,8
1750000.0,1,1,3,0.0,0.0,0,0,0,0,1,7,10,1248,23,1,8
1795000.0,3,1,7,2.0,0.0,0,1,0,1,1,7,10,1186,22,1,4
1795000.0,3,2,7,3.0,0.0,1,1,0,1,0,7,10,1497,23,1,4
1795000.0,4,2,9,4.0,0.0,0,1,0,1,1,7,10,762,22,1,4
1800000.0,3,2,7,7.0,0.0,0,1,1,1,1,7,10,1721,46,1,4
1850000.0,2,2,5,5.0,0.0,0,1,1,1,0,7,10,1236,44,1,4
1870000.0,1,1,3,0.0,0.0,0,0,0,0,1,9,10,1191,12,1,8
1885000.0,3,3,7,4.0,0.0,1,1,0,1,1,7,10,923,19,1,4
1890000.0,1,1,3,0.0,0.0,0,0,0,0,1,8,10,1157,14,1,8
1890000.0,1,1,3,0.0,1456.0,0,0,0,0,1,7,10,832,7,1,8
1890000.0,2,2,5,2.0,0.0,1,1,0,1,1,7,10,1152,25,1,4
1890000.0,2,2,5,2.0,0.0,1,1,0,1,1,7,10,1091,27,1,4
1895000.0,3,3,7,2.0,0.0,0,0,1,0,1,7,10,369,29,1,4
1895000.0,3,3,7,4.0,0.0,0,0,1,0,1,7,10,1432,20,1,4
1895000.0,3,3,7,4.0,0.0,1,1,0,1,1,7,10,640,24,1,4
1895000.0,3,3,7,4.0,0.0,0,1,0,1,1,7,10,671,16,1,4
1895000.0,3,3,7,6.0,0.0,1,1,1,1,1,7,10,1215,21,1,4
1895000.0,3,3,7,5.0,500.0,0,1,0,1,1,7,10,2028,21,1,4
1900000.0,1,1,3,0.0,0.0,0,0,0,0,1,9,10,564,11,1,8
1920000.0,2,1,5,0.0,0.0,0,1,0,0,0,7,10,1321,13,1,4
1950000.0,3,2,7,6.0,0.0,0,0,1,1,1,9,10,628,17,1,4
1950000.0,2,1,5,0.0,0.0,0,1,0,1,0,7,10,753,37,1,4
1980000.0,3,2,7,4.0,0.0,0,1,0,1,1,8,10,1113,18,1,4
1985000.0,6,2,13,6.0,0.0,0,0,0,0,0,7,10,1220,37,1,4
1995000.0,3,3,7,2.0,0.0,0,0,0,1,1,7,10,1512,13,1,4
1995000.0,3,3,7,3.0,0.0,0,1,0,1,0,7,10,417,15,1,4
1995000.0,1,1,3,0.0,977.0,0,0,0,0,1,8,10,851,9,1,8
1999000.0,3,2,7,6.0,0.0,0,1,0,1,1,7,10,1405,32,1,4
2100000.0,2,1,5,6.0,0.0,0,1,1,1,1,7,10,1910,52,1,4
2100000.0,2,1,5,2.0,0.0,0,1,1,1,1,7,10,3563,24,1,4
2100000.0,2,1,5,6.0,0.0,0,1,1,1,1,7,10,1460,24,1,4
2100000.0,3,3,7,4.0,0.0,0,1,0,1,0,7,10,1585,20,1,4
2100000.0,1,1,3,0.0,828.0,0,0,1,0,1,8,10,1107,25,1,8
2150000.0,1,1,3,0.0,1141.0,0,0,0,0,1,8,10,2496,10,1,11
2150000.0,2,2,5,4.0,0.0,0,1,0,1,0,7,10,1792,41,1,4
2154000.0,3,2,7,3.0,0.0,0,1,0,1,0,7,10,2183,27,1,4
2170000.0,3,2,7,7.0,0.0,0,1,0,1,1,7,10,1608,46,1,6
2175000.0,3,1,7,2.0,134.0,0,0,0,1,1,7,10,1326,25,1,4
2175000.0,3,2,7,8.0,1118.0,1,1,1,1,1,7,10,1800,15,1,4
2180000.0,3,2,7,0.0,0.0,0,1,0,1,1,7,10,898,16,1,4
2190000.0,3,2,7,5.0,0.0,0,1,0,1,0,7,10,1418,58,1,4
2195000.0,3,2,7,9.0,0.0,0,1,0,0,1,7,10,942,15,1,4
2195000.0,1,1,3,0.0,0.0,0,0,1,0,1,7,10,967,22,1,8
2200000.0,2,2,5,4.0,0.0,1,1,1,1,1,7,10,2218,35,1,4
2200000.0,3,4,7,8.0,0.0,1,0,1,1,0,7,10,2129,41,1,4
2200000.0,4,2,9,2.0,831.0,0,1,0,1,1,9,10,867,16,1,4
2220000.0,3,2,7,6.0,0.0,1,1,1,1,1,7,10,2238,30,1,4
2250000.0,3,2,7,6.0,0.0,0,1,0,1,1,7,10,741,16,1,4
2250000.0,2,2,5,2.0,0.0,1,1,1,1,1,9,10,767,42,1,4
2250000.0,2,1,5,4.0,0.0,0,1,0,1,1,8,10,618,27,1,4
2300000.0,3,1,7,2.0,0.0,1,1,1,1,1,9,10,2261,39,1,4
2300000.0,2,2,5,4.0,181.0,1,1,0,1,1,7,10,1603,23,1,4
2300000.0,2,1,5,2.0,249.0,0,1,0,1,1,7,10,1251,22,1,4
2395000.0,2,2,5,10.0,0.0,0,1,1,1,1,7,10,1296,16,1,4
2395000.0,1,1,3,0.0,855.0,0,0,0,0,1,9,10,1097,15,1,8
2400000.0,4,3,9,5.0,0.0,0,1,0,1,1,8,10,1256,43,1,4
2400000.0,1,1,3,0.0,1870.0,0,1,0,0,1,8,10,2192,11,1,8
2400000.0,4,2,9,8.0,0.0,0,1,0,1,1,8,10,1600,26,1,4
2450000.0,2,1,5,1.0,0.0,1,1,1,1,1,9,10,1407,31,1,5
2450000.0,3,2,7,4.0,0.0,0,1,1,1,1,7,10,796,23,1,4
2450000.0,3,2,7,4.0,0.0,0,1,0,0,1,7,10,814,30,1,4
2450000.0,3,2,7,4.0,0.0,1,1,1,1,1,7,10,2254,55,1,4
2450000.0,2,2,5,1.0,0.0,0,0,0,0,1,7,10,2131,22,1,5
2480000.0,2,1,5,2.0,0.0,0,1,0,1,1,8,10,832,24,1,4
2485000.0,3,1,7,8.0,0.0,0,1,1,1,0,7,10,1518,21,1,4
2495000.0,1,1,3,0.0,810.0,1,0,1,0,1,7,10,890,21,1,8
2495000.0,3,2,7,6.0,0.0,0,1,1,1,0,7,10,1432,22,1,4
2495000.0,1,1,3,0.0,0.0,0,0,0,0,1,7,10,468,18,1,8
2499900.0,4,1,9,2.0,0.0,1,1,0,1,1,7,10,1248,23,1,4
2500000.0,4,2,9,6.0,0.0,0,1,1,1,0,7,10,2277,24,1,4
2500000.0,3,2,7,6.0,845.0,0,1,0,1,1,7,10,2184,43,1,4
2500000.0,3,2,7,2.0,0.0,0,0,0,1,1,7,10,1100,22,1,4
2500000.0,3,3,7,2.0,0.0,0,0,1,0,1,8,10,930,33,1,4
2500000.0,4,2,9,2.0,0.0,0,1,1,1,0,7,10,1472,43,1,4
2500000.0,3,1,7,6.0,0.0,0,1,0,1,0,7,10,1480,36,1,4
2500000.0,2,2,5,4.0,0.0,0,1,0,0,1,8,10,1269,25,1,4
2500000.0,4,2,9,8.0,0.0,0,1,0,1,0,7,10,1620,44,1,4
2500000.0,3,2,7,4.0,0.0,0,0,0,1,1,7,10,967,21,1,4
2500000.0,2,2,5,0.0,0.0,0,1,0,0,0,7,10,951,19,1,4
2550000.0,2,1,5,2.0,0.0,0,0,1,0,0,7,10,1514,24,1,4
2550000.0,3,2,7,2.0,0.0,0,1,0,1,1,7,10,1317,18,1,4
2556500.0,3,2,7,4.0,0.0,0,1,0,1,0,7,10,688,15,1,4
2595000.0,3,1,7,3.0,925.0,1,1,0,1,1,7,10,850,22,1,4
2600000.0,2,2,5,5.0,93.0,0,1,1,1,1,9,10,1459,22,1,5
2600000.0,3,2,7,2.0,800.0,1,1,0,1,1,8,10,542,19,1,4
2600000.0,1,2,3,6.0,0.0,0,1,0,1,0,7,10,1545,21,1,4
2600000.0,4,1,9,2.0,0.0,1,1,0,0,1,7,10,2364,30,1,4
2600000.0,4,3,9,2.0,0.0,0,0,0,0,0,7,10,1506,22,1,4
2650000.0,2,2,5,4.0,0.0,1,1,1,1,1,9,10,1380,27,1,4
2650000.0,3,2,7,3.0,0.0,1,1,1,1,1,9,10,1037,24,1,4
2650000.0,4,3,9,6.0,0.0,0,1,1,1,0,7,10,2460,33,1,4
2690000.0,4,3,9,7.0,933.0,0,1,1,1,1,7,10,1769,58,1,4
2690000.0,4,3,9,4.0,0.0,0,1,0,1,1,7,10,989,27,1,4
2690000.0,4,3,9,8.0,933.0,0,1,1,1,1,7,10,2581,29,1,4
2690000.0,4,3,9,4.0,0.0,0,1,0,0,1,7,10,535,65,1,4
2690000.0,3,3,7,3.0,933.0,0,0,0,1,1,7,10,511,26,1,4
2690000.0,4,3,9,4.0,0.0,0,0,0,1,1,7,10,1332,28,1,4
2690000.0,4,3,9,8.0,0.0,1,1,1,1,1,7,10,2119,52,1,4
2695000.0,4,2,9,6.0,0.0,0,1,0,1,1,7,10,1053,19,1,4
2695000.0,4,4,9,2.0,0.0,0,1,0,1,1,7,10,813,22,1,4
2695000.0,4,3,9,6.0,0.0,0,1,1,1,1,7,10,865,30,1,4
2735000.0,1,1,3,0.0,152.0,0,0,0,0,1,7,10,2106,18,1,8
2750000.0,3,2,7,6.0,0.0,0,1,1,1,0,7,10,1977,26,1,4
2750000.0,3,3,7,6.0,0.0,0,1,0,1,0,7,10,1734,57,1,4
2750000.0,3,2,7,3.0,0.0,0,1,1,1,1,9,10,2192,23,1,4
2775000.0,3,2,7,8.0,0.0,0,1,0,0,1,7,10,620,36,1,4
2795000.0,4,3,9,6.0,0.0,0,1,0,1,0,7,10,1240,42,1,4
2795000.0,3,2,7,4.0,0.0,1,1,1,1,1,9,10,1393,25,1,4
2800000.0,1,1,3,0.0,0.0,0,0,0,0,1,8,10,1411,10,1,8
2800000.0,3,2,7,8.0,70.0,0,1,0,1,1,8,10,1826,18,1,4
2800000.0,3,2,7,8.0,70.0,0,1,0,1,1,8,10,1938,16,1,4
2800000.0,1,1,3,3.0,0.0,0,1,0,1,0,7,10,792,18,1,4
2850000.0,3,2,7,0.0,0.0,0,1,0,1,1,7,10,2925,32,1,4
2850000.0,3,2,7,4.0,0.0,0,1,0,1,1,8,10,809,34,1,4
2875000.0,3,2,7,2.0,0.0,0,1,0,1,1,7,10,1269,25,1,4
2890000.0,4,2,9,3.0,0.0,0,1,1,1,1,7,10,1781,22,1,4
2895000.0,5,2,11,4.0,0.0,0,1,0,1,1,7,10,658,23,1,4
2895000.0,5,2,11,2.0,0.0,0,1,1,0,1,7,10,734,38,1,4
2895000.0,5,2,11,1.0,0.0,0,1,0,0,1,7,10,1091,39,1,4
2895000.0,3,2,7,2.0,0.0,0,1,0,1,0,7,10,958,18,1,4
2895000.0,5,3,11,2.0,0.0,1,1,1,1,1,7,10,1443,37,1,4
2900000.0,1,1,3,0.0,0.0,0,0,1,0,1,9,10,1053,21,1,8
2900000.0,3,2,7,5.0,0.0,0,1,0,1,1,9,10,974,20,1,4
2950000.0,1,1,3,0.0,945.0,0,1,0,0,0,7,10,3631,46,1,11
2950000.0,1,1,3,0.0,317.0,0,1,0,0,0,7,10,2146,22,1,11
2950000.0,3,2,7,4.0,0.0,0,1,0,1,1,9,10,847,34,1,4
2950000.0,3,2,7,6.0,0.0,0,1,0,1,1,9,10,1058,16,1,4
2950000.0,3,2,7,3.0,0.0,1,1,0,1,1,9,10,1146,14,1,4
2950000.0,4,2,9,4.0,0.0,0,1,0,1,0,7,10,1049,21,1,4
2970000.0,5,3,11,8.0,400.0,0,1,1,1,1,7,10,1545,27,1,4
2970000.0,2,2,5,3.0,0.0,1,1,0,1,1,7,10,1199,25,1,4
2970000.0,5,3,11,8.0,400.0,0,1,1,1,1,7,10,1692,67,1,4
2970000.0,5,3,11,8.0,400.0,0,1,1,1,1,7,10,2268,62,1,4
2995000.0,3,3,7,4.0,0.0,0,1,1,1,0,7,10,996,27,1,4
2995000.0,3,2,7,5.0,0.0,1,1,1,0,1,8,10,792,27,1,4
2995000.0,2,2,5,2.0,125.0,0,1,0,1,1,8,10,557,6,1,4
2995000.0,3,2,7,4.0,0.0,0,1,1,1,1,7,10,2043,26,1,4
2995000.0,3,2,7,6.0,605.0,0,1,0,1,1,7,10,1225,33,1,4
2995000.0,3,2,7,0.0,210.0,0,0,0,1,1,7,10,995,22,1,4
2995000.0,3,2,7,4.0,0.0,0,1,1,0,1,7,10,1063,24,1,4
2995000.0,2,2,5,4.0,0.0,0,1,0,1,1,7,10,1360,28,1,4
2995000.0,3,2,7,6.0,0.0,1,1,0,1,1,8,10,459,22,1,4
2995000.0,2,2,5,5.0,0.0,0,1,1,1,0,7,10,1543,22,1,4
3090000.0,4,2,9,4.0,0.0,0,1,0,1,1,8,10,729,25,1,4
3095000.0,1,1,3,0.0,0.0,0,0,0,0,1,7,10,1392,11,1,8
3095000.0,1,1,3,0.0,0.0,0,0,0,0,1,7,10,1194,13,1,8
3100000.0,1,1,3,0.0,0.0,1,0,0,0,1,7,10,1332,18,1,8
3100000.0,3,2,7,4.0,0.0,0,1,1,1,0,7,10,1252,17,1,4
3150000.0,5,3,11,6.0,0.0,0,1,1,1,1,7,10,964,28,1,4
3150000.0,7,2,15,4.0,0.0,0,0,0,1,1,7,10,671,50,1,4
3175000.0,3,2,7,4.0,0.0,0,1,0,1,1,7,10,1921,32,1,4
3175000.0,4,2,9,4.0,0.0,0,1,0,1,0,7,10,763,19,1,4
3180000.0,5,3,11,5.0,0.0,0,1,0,1,1,7,10,885,25,1,4
3180000.0,5,3,11,8.0,336.0,0,1,0,1,1,7,10,2963,36,1,4
3180000.0,5,3,11,6.0,0.0,0,1,0,1,1,7,10,1706,25,1,4
3180000.0,5,3,11,4.0,0.0,0,1,0,0,1,7,10,1565,30,1,4
3195000.0,5,3,11,4.0,0.0,0,0,0,1,1,8,10,1697,69,1,4
3195000.0,3,2,7,2.0,0.0,0,1,1,1,1,8,10,2118,51,1,4
3200000.0,3,2,7,8.0,0.0,1,1,1,1,1,8,10,1694,21,1,4
3200000.0,1,1,3,0.0,0.0,1,1,0,0,1,7,10,1255,22,1,8
3200000.0,2,2,5,2.0,0.0,0,1,1,0,1,8,10,930,21,1,4
3200000.0,3,2,7,6.0,0.0,0,1,0,0,1,8,10,523,29,1,4
3200000.0,2,2,5,2.0,0.0,0,1,0,1,1,7,10,1761,35,1,4
3200000.0,3,2,7,4.0,0.0,1,1,1,1,1,9,10,1262,24,1,4
3250000.0,2,2,5,3.0,0.0,0,1,0,1,1,9,10,403,20,1,6
3250000.0,2,2,5,3.0,0.0,0,0,0,1,1,9,10,788,32,1,4
3250000.0,2,2,5,3.0,0.0,1,1,1,1,1,9,10,1317,13,1,4
3250000.0,2,2,5,2.0,0.0,1,0,1,1,1,9,10,1114,16,1,4
3250000.0,2,2,5,2.0,0.0,0,1,1,1,1,9,10,962,20,1,4
3250000.0,2,2,5,3.0,0.0,1,1,1,1,1,9,10,1295,33,1,4
3295000.0,3,3,7,4.0,0.0,1,1,0,1,1,9,10,868,34,1,4
3300000.0,4,3,9,6.0,0.0,1,1,1,1,1,8,10,1985,30,1,4
3300000.0,3,2,7,5.0,0.0,1,1,0,1,1,9,10,1387,20,1,4
3300000.0,2,2,5,4.0,0.0,0,1,0,1,0,7,10,2395,42,1,4
3300000.0,1,1,3,0.0,1496.0,1,0,1,0,1,7,10,1123,27,1,8
3300000.0,3,2,7,2.0,0.0,0,1,0,1,1,9,10,1166,17,1,4
3395000.0,3,3,7,6.0,0.0,0,1,0,1,1,7,10,1204,22,1,4
3395000.0,4,3,9,4.0,0.0,0,1,1,1,1,7,10,1896,45,1,4
3395000.0,3,3,7,4.0,0.0,0,0,0,1,1,7,10,991,63,1,4
3395000.0,5,2,11,6.0,833.0,0,1,0,1,1,7,10,2782,35,1,4
3399000.0,3,2,7,4.0,0.0,0,1,1,1,1,7,10,1020,51,1,4
3399000.0,3,3,7,2.0,0.0,0,1,1,0,1,7,10,1524,17,1,4
3400000.0,3,3,7,10.0,0.0,0,1,0,1,1,7,10,1647,18,1,4
3400000.0,3,3,7,2.0,0.0,0,1,1,1,1,7,10,2197,29,1,4
3400000.0,4,2,9,4.0,0.0,0,0,0,1,1,7,10,1496,16,1,4
3400000.0,4,3,9,9.0,0.0,0,0,0,1,1,7,10,951,16,1,4
3400000.0,4,4,9,7.0,792.0,0,1,0,1,1,7,10,1132,40,1,4
3400000.0,4,3,9,6.0,0.0,0,0,0,1,1,7,10,1121,45,1,4
3400000.0,3,3,7,10.0,0.0,0,0,0,1,1,7,10,1582,16,1,4
3400000.0,4,3,9,6.0,0.0,0,1,0,1,1,7,10,1458,38,1,4
3400000.0,4,3,9,6.0,0.0,0,1,0,1,1,7,10,927,34,1,4
3450000.0,6,4,13,6.0,0.0,0,1,0,1,1,7,10,2458,64,1,4
3450000.0,3,2,7,5.0,1619.0,0,1,0,1,1,7,10,1566,20,1,4
3450000.0,4,2,9,1.0,0.0,1,1,0,1,1,9,10,1414,23,1,4
3450000.0,3,2,7,6.0,0.0,0,1,1,1,1,8,10,1236,27,1,4
3450000.0,3,3,7,2.0,0.0,0,1,0,1,1,7,10,1896,36,1,4
3450000.0,3,2,7,4.0,0.0,0,1,0,1,1,7,10,1833,44,1,4
3450000.0,4,2,9,5.0,0.0,1,1,0,1,1,9,10,1032,20,1,4
3450000.0,4,4,9,4.0,0.0,0,1,1,1,1,7,10,1906,35,1,4
3450000.0,4,2,9,2.0,1000.0,1,0,0,1,1,9,10,992,15,1,4
3490000.0,3,2,7,8.0,0.0,1,1,0,1,1,7,10,1525,36,1,4
3495000.0,2,1,5,3.0,0.0,0,1,0,1,1,9,10,1043,55,1,4
3545000.0,1,1,3,0.0,1207.0,1,0,1,0,1,9,10,1132,11,1,8
3550000.0,3,3,7,4.0,0.0,0,1,0,0,1,8,10,1289,51,1,4
3595000.0,4,3,9,4.0,0.0,1,1,1,1,1,8,10,1375,31,1,4
3599000.0,3,2,7,5.0,0.0,0,1,0,1,1,7,10,1311,17,1,4
3600000.0,4,3,9,6.0,0.0,1,1,0,1,1,7,10,1926,44,1,4
3600000.0,4,3,9,6.0,0.0,0,1,1,1,1,7,10,1711,41,1,4
3600000.0,4,3,9,8.0,0.0,0,1,0,1,1,8,10,657,43,1,4
3600000.0,2,2,5,6.0,0.0,0,1,1,0,0,7,10,1955,30,1,4
3650000.0,1,1,3,4.0,0.0,0,1,1,0,1,7,10,771,36,1,4
3650000.0,3,1,7,3.0,0.0,0,1,0,1,0,7,10,678,20,1,4
3650000.0,3,2,7,5.0,0.0,0,1,1,1,1,8,10,1321,24,1,4
3650000.0,3,3,7,3.0,0.0,0,0,0,1,1,9,10,1117,54,1,4
3650000.0,3,2,7,6.0,0.0,0,1,0,1,1,7,10,898,31,1,4
3650000.0,3,2,7,4.0,0.0,1,1,0,1,1,9,10,1991,31,1,6
3680000.0,4,3,9,4.0,0.0,0,1,1,1,1,7,10,3414,24,1,4
3695000.0,5,3,11,6.0,426.0,0,1,1,1,1,7,10,1326,41,1,4
3695000.0,5,3,11,8.0,426.0,0,1,1,1,1,7,10,2861,42,1,4
3750000.0,5,4,11,6.0,0.0,0,1,1,1,1,7,10,1135,39,1,4
3750000.0,3,2,7,7.0,0.0,0,1,1,1,0,7,10,1954,58,1,4
3750000.0,3,2,7,7.0,0.0,0,1,0,1,0,7,10,1097,32,1,4
3750000.0,5,4,11,6.0,0.0,0,1,0,1,1,7,10,2075,26,1,4
3790000.0,2,2,5,3.0,0.0,0,1,1,1,1,9,10,1468,12,1,4
3790000.0,2,2,5,4.0,0.0,0,1,1,1,1,9,10,1293,8,1,4
3800000.0,3,2,7,6.0,0.0,0,1,0,1,1,9,10,640,28,1,4
3800000.0,4,2,9,9.0,0.0,0,1,0,1,0,7,10,1643,52,1,4
3800000.0,1,2,3,8.0,184.0,0,1,0,1,0,7,10,539,19,1,4
3800000.0,4,4,9,7.0,0.0,0,1,0,1,1,8,10,1467,24,1,4
3800000.0,3,3,7,2.0,0.0,1,1,1,1,0,7,10,1940,27,1,4
3800000.0,4,3,9,8.0,0.0,1,1,1,1,1,7,10,1609,37,1,4
3800000.0,1,1,3,0.0,0.0,0,0,0,0,0,7,10,636,24,1,11
3800000.0,5,3,11,6.0,80.0,0,1,1,1,1,7,10,720,44,1,4
3850000.0,3,3,7,8.0,0.0,0,1,0,1,1,7,10,1933,53,1,4
3890000.0,1,1,3,0.0,0.0,0,0,0,0,1,8,10,1171,16,1,8
3900000.0,3,2,7,5.0,0.0,1,1,0,1,1,9,10,923,39,1,4
3900000.0,4,4,9,0.0,0.0,1,1,1,1,1,9,10,1818,20,1,4
3900000.0,1,1,3,0.0,0.0,0,0,0,0,1,9,10,549,19,1,11
3950000.0,3,2,7,6.0,0.0,0,1,0,1,1,7,10,2273,37,1,4
3950000.0,2,2,5,3.0,0.0,0,0,1,1,0,7,10,1161,20,1,4
3950000.0,3,3,7,3.0,0.0,1,1,1,1,1,8,10,1484,20,1,4
3950000.0,4,3,9,10.0,85.0,0,1,1,1,1,7,10,2004,46,1,4
3980000.0,1,1,3,0.0,0.0,0,0,0,0,1,9,10,924,5,1,8
3995000.0,4,4,9,4.0,0.0,0,1,0,1,0,7,10,1849,38,1,4
3995000.0,3,3,7,6.0,0.0,0,1,1,1,1,9,10,1660,40,1,4
3995000.0,4,3,9,4.0,0.0,0,1,0,1,1,7,10,868,31,1,4
3999000.0,4,4,9,6.0,0.0,0,0,0,1,1,7,10,1000,69,1,4
3999000.0,6,3,13,8.0,0.0,0,0,0,1,1,8,10,1389,37,1,4
4020000.0,4,2,9,7.0,0.0,0,1,0,1,0,7,10,931,18,1,4
4020000.0,4,2,9,5.0,0.0,0,0,0,1,0,7,10,1213,31,1,4
4150000.0,3,3,7,6.0,250.0,1,1,0,1,1,8,10,1077,62,1,4
4190000.0,4,4,9,4.0,0.0,0,1,0,0,1,7,10,1413,35,1,4
4190000.0,4,3,9,2.0,0.0,1,1,1,1,1,7,10,1243,40,1,4
4200000.0,3,2,7,6.0,0.0,0,1,0,1,0,7,10,1373,48,1,4
4200000.0,5,4,11,8.0,620.0,0,1,1,1,1,7,10,1971,55,1,4
4200000.0,5,4,11,4.0,0.0,0,0,0,0,1,7,10,511,27,1,4
4200000.0,4,2,9,6.0,0.0,0,1,0,0,0,7,10,806,38,1,4
4200000.0,3,2,7,6.0,0.0,0,1,1,1,0,7,10,1439,33,1,4
4250000.0,3,2,7,6.0,0.0,1,1,1,1,1,9,10,1467,19,1,4
4250000.0,3,2,7,4.0,0.0,0,1,0,1,1,7,10,1078,27,1,4
4250000.0,1,1,3,0.0,0.0,0,0,0,0,1,8,10,533,9,1,8
4250000.0,3,2,7,6.0,0.0,0,1,0,1,1,8,10,970,25,1,4
4250000.0,4,3,9,4.0,0.0,0,1,1,0,1,9,10,1675,24,1,4
4250000.0,6,3,13,10.0,0.0,1,1,0,1,1,7,10,1776,34,1,4
4290000.0,3,2,7,6.0,0.0,0,1,0,1,1,8,10,1065,26,1,4
4295000.0,3,2,7,6.0,0.0,0,1,0,1,1,9,10,854,55,1,4
4295000.0,3,2,7,6.0,0.0,0,1,1,1,1,9,10,694,47,1,4
4300000.0,4,3,9,6.0,0.0,1,1,0,1,0,7,10,1455,71,1,4
4300000.0,3,2,7,8.0,0.0,1,1,1,1,1,9,10,1018,28,1,4
4300000.0,3,3,7,4.0,0.0,1,1,0,1,1,8,10,1935,37,1,4
4300000.0,3,2,7,2.0,0.0,0,1,0,1,1,8,10,1050,30,1,4
4350000.0,3,3,7,7.0,969.0,0,1,0,1,0,7,10,1490,27,1,4
4390000.0,4,3,9,6.0,162.0,0,1,1,1,1,7,10,1256,29,1,4
4395000.0,3,2,7,4.0,0.0,0,1,1,1,1,9,10,944,19,1,4
4399000.0,3,3,7,6.0,0.0,1,0,0,1,1,7,10,1198,61,1,4
4400000.0,3,2,7,8.0,0.0,0,1,0,1,0,7,10,1259,30,1,4
4450000.0,2,2,5,4.0,0.0,0,1,0,1,1,9,10,1646,20,1,4
4450000.0,3,3,7,6.0,0.0,1,0,0,1,1,9,10,975,42,1,4
4450000.0,5,3,11,3.0,0.0,1,1,0,1,1,8,10,923,33,1,4
4450000.0,5,3,11,4.0,0.0,1,1,0,1,1,9,10,2402,20,1,4
4450000.0,3,2,7,4.0,0.0,0,1,0,1,1,9,10,970,63,1,4
4450000.0,3,3,7,6.0,0.0,0,1,0,1,1,9,10,1006,15,1,4
4450000.0,3,2,7,6.0,0.0,1,1,0,1,1,9,10,1240,25,1,4
4450000.0,3,2,7,4.0,0.0,0,1,1,1,1,9,10,717,36,1,4
4450000.0,6,5,13,4.0,0.0,0,0,0,1,1,9,10,1483,18,1,4
4460000.0,4,3,9,4.0,0.0,0,1,0,1,1,7,10,1375,36,1,4
4490000.0,4,3,9,6.0,0.0,0,1,0,1,1,9,10,1141,38,1,4
4490000.0,3,2,7,6.0,0.0,1,1,1,1,1,9,10,1937,36,1,4
4495000.0,3,3,7,4.0,0.0,0,1,0,1,1,7,10,2593,36,1,4
4495000.0,5,4,11,4.0,0.0,0,1,0,1,1,9,10,622,26,1,4
4495000.0,5,4,11,6.0,0.0,0,1,0,1,1,9,10,2769,65,1,4
4495000.0,3,4,7,6.0,0.0,0,1,0,1,1,7,10,2423,34,1,4
4495000.0,4,3,9,4.0,0.0,0,1,1,0,1,9,10,1735,59,1,4
4495000.0,1,1,3,0.0,0.0,0,0,0,0,0,7,10,1499,46,1,11
4495000.0,4,3,9,4.0,0.0,0,1,0,0,1,8,10,1232,72,1,4
4500000.0,5,5,11,2.0,300.0,0,1,1,0,0,7,10,2429,43,1,4
4500000.0,5,4,11,10.0,0.0,0,1,0,1,0,7,10,1158,24,1,4
4500000.0,3,3,7,4.0,0.0,0,1,0,1,1,9,10,1161,31,1,4
4500000.0,4,3,9,4.0,0.0,0,1,1,1,1,8,10,893,24,1,4
4500000.0,2,2,5,4.0,0.0,0,1,1,1,1,8,10,1384,21,1,4
4500000.0,4,3,9,0.0,0.0,0,0,0,1,1,7,10,954,33,1,4
4500000.0,1,1,3,0.0,0.0,1,0,0,0,1,9,10,1281,15,1,8
4500000.0,3,2,7,5.0,0.0,1,1,0,1,1,9,10,1908,38,1,4
4500000.0,3,2,7,5.0,0.0,1,1,0,1,1,9,10,1243,37,1,4
4500000.0,5,5,11,4.0,700.0,1,0,0,0,0,7,10,1183,27,1,4
4500000.0,3,2,7,3.0,0.0,1,1,0,1,1,9,10,955,45,1,4
4500000.0,1,1,3,0.0,0.0,1,0,0,0,1,7,10,814,13,1,8
4500000.0,4,3,9,4.0,0.0,0,1,1,1,1,8,10,2024,32,1,4
4500000.0,3,2,7,5.0,0.0,1,1,0,1,1,9,10,1619,44,1,4
4500000.0,4,3,9,6.0,0.0,0,0,0,1,0,7,10,1538,29,1,4
4550000.0,1,3,3,14.0,0.0,0,1,0,1,0,7,10,3973,60,1,4
4550000.0,5,3,11,6.0,0.0,1,1,0,0,1,7,10,1567,6,1,4
4650000.0,3,3,7,6.0,0.0,1,1,1,1,0,7,10,1537,45,1,4
4700000.0,3,2,7,4.0,0.0,0,1,1,1,1,9,10,1264,22,1,4
4725000.0,1,1,3,0.0,0.0,0,0,0,0,0,7,10,1427,5,1,8
4725000.0,1,1,3,0.0,0.0,0,1,0,0,0,7,10,1543,14,1,8
4750000.0,3,2,7,7.0,0.0,0,1,1,1,1,9,10,763,26,1,4
4750000.0,4,4,9,3.0,500.0,1,0,0,1,1,7,10,2211,61,1,4
4750000.0,4,3,9,8.0,0.0,0,1,0,1,1,8,10,820,49,1,4
4750000.0,4,3,9,10.0,0.0,0,1,0,1,1,8,10,876,30,1,4
4750000.0,6,3,13,4.0,0.0,0,0,0,0,1,7,10,889,28,1,4
4750000.0,4,4,9,8.0,0.0,0,1,0,1,1,7,10,1273,42,1,4
4750000.0,3,3,7,6.0,0.0,0,1,0,1,1,9,10,1503,46,1,4
4800000.0,3,3,7,8.0,0.0,0,1,1,1,0,7,10,1680,33,1,4
4800000.0,5,3,11,6.0,0.0,0,1,1,0,0,7,10,1491,63,1,4
4800000.0,5,3,11,2.0,0.0,0,1,0,1,0,7,10,1361,35,1,4
4800000.0,5,3,11,2.0,0.0,0,1,0,1,0,7,10,1313,27,1,4
4800000.0,5,3,11,10.0,428.0,0,1,1,1,1,7,10,2604,38,1,4
4800000.0,2,2,5,4.0,858.0,0,1,1,1,0,7,10,3016,29,0,4
4800000.0,3,2,7,6.0,0.0,0,1,1,0,1,7,10,1084,36,1,4
4800000.0,3,2,7,2.0,0.0,0,1,0,1,1,9,10,959,29,1,4
4815000.0,1,1,3,0.0,0.0,1,0,1,0,1,7,10,2463,15,1,8
4850000.0,4,3,9,4.0,0.0,1,1,0,1,1,7,10,1477,37,1,4
4850000.0,4,3,9,4.0,0.0,1,1,0,1,1,7,10,1429,29,1,4
4850000.0,4,4,9,4.0,0.0,0,1,0,1,1,7,10,1634,27,1,4
4850000.0,4,4,9,2.0,0.0,0,1,0,1,1,7,10,1990,34,1,4
4895000.0,3,2,7,8.0,0.0,1,1,1,1,1,9,10,2630,28,1,4
4900000.0,2,2,5,3.0,0.0,0,0,0,1,1,9,10,852,12,0,5
4950000.0,7,4,15,5.0,0.0,1,1,0,1,0,7,10,1451,24,1,4
4950000.0,5,3,11,4.0,0.0,0,1,0,1,1,7,10,1273,24,1,4
4980000.0,5,4,11,8.0,0.0,0,1,1,1,1,7,10,2194,28,1,4
4990000.0,4,4,9,4.0,0.0,0,0,1,1,0,7,10,1580,35,1,4
4990000.0,4,2,9,4.0,0.0,0,1,0,1,1,8,10,1113,36,1,4
4990000.0,9,7,19,8.0,0.0,0,1,1,1,1,7,10,1535,40,1,4
4995000.0,3,3,7,6.0,0.0,1,1,1,1,1,9,10,1093,21,1,4
4995000.0,3,3,7,8.0,0.0,0,0,0,1,1,7,10,600,27,1,4
4995000.0,3,3,7,6.0,0.0,0,1,0,1,1,7,10,2539,51,1,4
4995000.0,3,2,7,4.0,0.0,0,1,0,1,1,9,10,684,20,1,4
4995000.0,3,3,7,6.0,260.0,0,1,0,1,1,7,10,2755,41,1,4
4995000.0,3,3,7,6.0,0.0,0,1,0,1,1,7,10,1736,50,1,4
4995000.0,3,2,7,4.0,0.0,0,1,1,1,1,7,10,2151,17,1,4
4995000.0,3,3,7,4.0,0.0,0,1,1,1,1,7,10,845,28,1,4
4995000.0,3,3,7,8.0,0.0,0,1,0,1,1,7,10,2403,99,1,4
4995000.0,3,2,7,5.0,0.0,1,1,0,1,1,9,10,1689,29,1,4
4995000.0,3,4,7,4.0,0.0,0,1,0,0,1,7,10,1974,37,1,4
4995000.0,3,3,7,4.0,1518.0,0,1,0,1,1,8,10,913,27,1,4
4995000.0,3,3,7,4.0,0.0,0,1,0,0,1,7,10,1813,53,1,4
4995000.0,3,2,7,6.0,0.0,1,1,0,0,1,9,10,1496,44,1,4
5000000.0,3,2,7,30.0,90.0,0,0,0,0,1,7,10,1400,13,1,10
5195000.0,3,2,7,6.0,0.0,0,1,1,1,1,9,10,1288,8,1,4
5195000.0,4,4,9,7.0,0.0,0,1,0,0,1,8,10,704,26,1,4
5195000.0,4,4,9,8.0,0.0,0,1,0,1,1,8,10,3079,38,1,4
5200000.0,4,3,9,6.0,0.0,1,1,0,1,1,7,10,1211,33,1,4
5200000.0,3,2,7,1.0,0.0,0,1,0,0,1,9,10,1119,38,1,4
5200000.0,1,1,3,0.0,0.0,0,0,0,0,1,9,10,294,8,1,8
5200000.0,2,2,5,4.0,763.0,0,1,0,1,1,9,10,1881,15,1,4
5200000.0,3,3,7,3.0,1121.0,0,1,0,0,1,9,10,2039,50,1,4
5200000.0,4,3,9,3.0,0.0,1,1,0,1,0,7,10,871,22,1,4
5200000.0,4,3,9,6.0,0.0,0,1,0,1,1,8,10,1430,41,1,4
5200000.0,4,3,9,6.0,0.0,0,0,1,1,1,7,10,1997,30,1,4
5200000.0,4,3,9,4.0,0.0,1,1,0,0,1,8,10,2727,29,1,4
5200000.0,2,2,5,3.0,70.0,1,1,0,1,1,8,10,1337,19,1,4
5250000.0,3,4,7,4.0,0.0,0,1,1,1,1,7,10,2073,23,1,4
5250000.0,2,2,5,4.0,0.0,0,1,0,1,0,7,10,2158,41,1,4
5250000.0,4,2,9,4.0,0.0,0,1,0,1,1,7,10,2382,33,1,4
5290000.0,4,4,9,4.0,0.0,0,0,0,1,1,7,10,1088,27,1,4
5299999.0,4,3,9,4.0,0.0,0,1,0,0,1,8,10,1789,11,1,4
5300000.0,3,2,7,4.0,0.0,0,1,0,1,1,7,10,1762,29,1,4
5300000.0,3,2,7,6.0,0.0,1,1,0,1,1,9,10,1060,21,1,4
5300000.0,4,3,9,4.0,0.0,0,1,0,1,1,7,10,1518,26,1,4
5300000.0,3,2,7,6.0,0.0,0,1,1,1,1,9,10,1297,38,1,4
5300000.0,6,6,13,6.0,0.0,0,1,0,1,1,7,10,1741,42,1,4
5350000.0,1,1,3,0.0,0.0,0,0,0,0,1,7,10,678,12,1,8
5350000.0,4,3,9,8.0,0.0,0,1,1,1,1,8,10,947,43,1,4
5350000.0,5,4,11,4.0,0.0,0,1,0,1,1,7,10,1587,40,1,4
5350000.0,1,1,3,0.0,0.0,0,0,0,0,1,7,10,754,14,1,11
5350000.0,1,1,3,0.0,1422.0,0,0,0,0,1,7,10,1784,8,1,8
5395000.0,4,6,9,8.0,0.0,1,1,0,1,1,9,10,1452,20,1,4
5400000.0,3,3,7,4.0,0.0,0,0,0,1,0,7,10,1056,15,1,4
5400000.0,1,1,3,0.0,0.0,0,1,0,0,1,7,10,1037,43,1,4
5400000.0,3,3,7,4.0,0.0,0,1,1,1,1,7,10,3310,90,1,4
5400000.0,4,3,9,8.0,0.0,1,1,1,1,1,7,10,1494,35,1,4
5400000.0,3,2,7,2.0,0.0,1,1,1,1,1,8,10,905,46,1,4
5400000.0,3,2,7,6.0,0.0,1,0,1,1,1,9,10,1130,44,1,4
5400000.0,3,2,7,7.0,0.0,1,1,0,1,1,9,10,1967,55,1,4
5450000.0,3,5,7,6.0,0.0,0,1,1,1,1,9,10,1202,21,1,4
5450000.0,3,3,7,4.0,0.0,0,1,0,0,1,9,10,2184,27,1,4
5450000.0,3,1,7,10.0,0.0,0,0,1,0,0,7,10,2039,22,1,10
5450000.0,4,5,9,10.0,0.0,1,1,1,1,1,9,10,1454,43,1,4
5490000.0,5,4,11,6.0,0.0,1,1,0,1,0,7,10,513,21,1,4
5495000.0,1,1,3,0.0,0.0,0,0,0,0,1,9,10,995,17,1,8
5495000.0,6,3,13,4.0,0.0,1,1,0,1,1,7,10,1455,30,1,4
5495000.0,5,3,11,6.0,0.0,1,1,0,1,1,9,10,2335,89,1,4
5495000.0,4,4,9,6.0,0.0,0,1,0,1,1,7,10,776,20,1,4
5499000.0,5,4,11,8.0,1021.0,0,1,1,1,1,9,10,2845,36,1,4
5500000.0,3,2,7,6.0,0.0,0,1,0,1,1,9,10,716,51,1,4
5500000.0,3,2,7,4.0,0.0,0,1,0,1,1,8,10,749,32,1,4
5500000.0,5,4,11,4.0,0.0,0,1,0,1,1,7,10,1452,36,1,4
5500000.0,1,1,3,0.0,0.0,0,0,0,0,0,7,10,582,8,1,10
5500000.0,3,2,7,8.0,0.0,0,1,0,1,1,8,10,1440,30,1,4
5500000.0,4,5,9,6.0,442.0,0,1,1,1,1,8,10,1952,53,1,4
5500000.0,2,1,5,0.0,0.0,0,1,0,0,0,7,10,1732,14,1,10
5500000.0,7,4,15,3.0,0.0,0,1,1,0,1,8,10,2365,31,1,4
5500000.0,1,2,3,3.0,0.0,0,0,0,1,1,7,10,366,13,1,5
5500000.0,3,2,7,6.0,0.0,0,1,0,1,1,9,10,908,33,1,4
5500000.0,5,5,11,7.0,0.0,0,1,1,1,0,7,10,795,35,1,4
5500000.0,1,1,3,0.0,0.0,0,0,0,0,0,7,10,794,20,1,10
5500000.0,1,1,3,0.0,0.0,1,0,0,0,1,7,10,1961,12,1,8
5625000.0,5,5,11,4.0,0.0,1,1,0,1,1,8,10,1681,27,1,4
5650000.0,4,3,9,6.0,0.0,1,1,0,1,1,9,10,863,22,1,4
5650000.0,4,3,9,4.0,0.0,1,1,0,1,1,9,10,1411,31,1,4
5650000.0,4,4,9,2.0,0.0,0,1,0,0,1,7,10,602,53,1,4
5700000.0,4,3,9,4.0,977.0,0,1,0,1,1,8,10,1848,13,1,4
5700000.0,2,3,5,1.0,0.0,0,0,0,0,0,7,10,1814,36,1,11
5700000.0,5,4,11,6.0,0.0,1,1,0,1,1,7,10,1547,53,1,4
5700000.0,3,2,7,5.0,0.0,1,1,0,1,1,9,10,1129,16,1,4
5700000.0,4,3,9,10.0,0.0,0,1,0,1,1,8,10,1041,43,1,4
5700000.0,3,3,7,6.0,0.0,0,1,0,1,1,9,10,1038,33,1,4
5770000.0,4,3,9,4.0,50.0,0,1,1,1,1,7,10,910,29,1,4
5800000.0,1,1,3,0.0,0.0,0,0,0,0,1,7,10,574,28,1,11
5850000.0,3,4,7,5.0,0.0,1,1,0,1,1,7,10,2097,56,1,4
5850000.0,3,3,7,4.0,0.0,0,1,0,1,1,9,10,2631,60,1,4
5850000.0,4,4,9,6.0,0.0,1,1,0,1,1,7,10,1805,50,1,4
5850000.0,4,3,9,14.0,0.0,0,1,1,1,0,7,10,2178,83,1,4
5850000.0,5,5,11,5.0,0.0,1,1,0,1,1,7,10,2112,39,1,4
5850000.0,3,2,7,9.0,0.0,1,1,0,1,1,9,10,1390,26,1,4
5850000.0,6,4,13,4.0,0.0,1,1,0,1,1,8,10,1516,71,1,4
5900000.0,3,3,7,4.0,0.0,1,1,0,1,1,8,10,1344,24,1,4
5900000.0,3,3,7,6.0,0.0,1,1,1,1,1,8,10,1632,20,1,4
5900000.0,5,3,11,8.0,0.0,1,0,1,1,0,7,10,2199,33,1,4
5900000.0,4,3,9,6.0,0.0,1,1,0,1,0,7,10,1496,60,1,4
5950000.0,4,2,9,8.0,0.0,1,1,0,1,1,9,10,649,29,1,4
5950000.0,3,2,7,0.0,0.0,0,0,0,0,1,7,10,825,21,1,4
5950000.0,4,4,9,11.0,0.0,0,1,1,1,1,7,10,1827,48,1,4
5950000.0,4,4,9,6.0,0.0,0,1,0,1,1,7,10,2230,30,1,4
5950000.0,3,4,7,4.0,0.0,1,1,0,1,1,8,10,1718,32,1,4
5950000.0,4,3,9,11.0,0.0,0,0,1,0,1,9,10,884,40,1,4
5950000.0,5,4,11,10.0,0.0,1,1,1,1,0,7,10,1640,44,1,4
5950000.0,3,3,7,4.0,0.0,0,1,0,1,1,9,10,758,41,1,4
5980000.0,3,3,7,6.0,0.0,0,1,0,1,1,8,10,1095,36,1,4
5995000.0,4,3,9,6.0,0.0,0,1,0,1,1,9,10,1049,39,1,4
5995000.0,4,4,9,8.0,0.0,0,1,1,1,1,8,10,1134,29,1,4
5995000.0,3,3,7,6.0,0.0,0,1,0,1,1,8,10,1852,25,1,4
5995000.0,4,4,9,6.0,0.0,1,1,0,1,1,9,10,1429,12,1,4
5995000.0,5,4,11,9.0,0.0,0,0,1,1,1,7,10,3194,44,1,4
5995000.0,4,3,9,4.0,0.0,0,1,0,1,1,7,10,1330,24,1,4
5995000.0,3,3,7,6.0,0.0,0,1,0,1,1,9,10,1037,37,1,4
5999000.0,1,1,3,0.0,0.0,0,0,1,0,1,9,10,1008,20,1,8
6100000.0,3,3,7,6.0,0.0,0,1,0,1,1,9,10,1280,25,1,4
6195000.0,11,11,23,0.0,0.0,1,1,1,1,1,8,10,3694,12,1,4
6200000.0,5,7,11,6.0,0.0,1,1,1,1,1,9,10,2698,51,1,4
6200000.0,4,3,9,6.0,0.0,0,1,1,1,1,7,10,1663,42,1,4
6250000.0,3,2,7,3.0,0.0,0,1,1,1,1,9,10,708,21,1,4
6300000.0,1,1,3,0.0,0.0,0,0,0,0,1,8,10,755,6,1,10
6300000.0,3,2,7,6.0,0.0,0,0,0,1,1,9,10,912,18,1,4
6350000.0,1,1,3,0.0,0.0,0,0,0,0,1,9,10,545,41,1,8
6385000.0,1,1,3,0.0,0.0,0,0,0,0,1,7,10,788,12,1,10
6395000.0,3,3,7,6.0,400.0,0,1,1,1,1,7,10,2167,32,1,4
6395000.0,5,5,11,2.0,0.0,0,1,0,1,0,7,10,1234,73,1,4
6400000.0,3,1,7,0.0,0.0,0,1,1,0,1,9,10,2333,38,1,4
6400000.0,4,2,9,7.0,0.0,0,1,1,1,1,9,10,1930,62,0,4
6400000.0,4,3,9,4.0,0.0,1,1,0,1,1,9,10,923,31,1,4
6400000.0,3,3,7,3.0,0.0,0,1,0,0,1,9,10,1707,65,1,4
6450000.0,3,3,7,2.0,1614.0,0,1,0,1,1,9,10,949,30,1,4
6450000.0,1,1,3,0.0,0.0,0,0,0,0,1,7,10,818,17,1,10
6450000.0,1,1,3,0.0,0.0,0,0,0,0,1,7,10,567,5,1,8
6490000.0,6,3,13,8.0,0.0,0,1,0,1,1,8,10,1984,30,1,4
6495000.0,6,4,13,4.0,0.0,0,1,1,1,1,8,10,1475,39,1,4
6495000.0,3,2,7,6.0,0.0,0,0,0,1,1,9,10,2723,27,1,4
6495000.0,1,1,3,5.0,0.0,0,0,0,0,1,9,10,1048,15,1,11
6497500.0,3,2,7,9.0,0.0,0,0,0,1,1,9,10,1515,8,1,4
6499000.0,4,4,9,6.0,0.0,0,0,1,0,1,9,10,1051,31,1,4
6500000.0,4,3,9,5.0,0.0,1,1,1,1,1,9,10,2031,27,1,4
6500000.0,1,1,3,0.0,0.0,1,1,0,0,0,7,10,2556,48,1,10
6500000.0,4,3,9,6.0,0.0,1,1,1,1,1,9,10,1348,22,1,4
6500000.0,2,1,5,1.0,0.0,1,1,0,0,0,7,10,3555,37,1,10
6500000.0,4,4,9,4.0,0.0,1,1,1,1,1,7,10,2558,41,1,4
6500000.0,1,1,3,0.0,0.0,0,0,0,0,0,7,10,1508,22,1,10
6500000.0,6,6,13,6.0,0.0,1,1,1,0,0,7,10,1029,49,1,4
6500000.0,6,4,13,4.0,0.0,0,1,0,1,1,7,10,1485,29,1,4
6500000.0,3,3,7,5.0,0.0,0,1,1,1,1,7,10,1243,55,1,4
6500000.0,1,1,3,0.0,0.0,0,1,0,0,1,7,10,1316,18,1,8
6500000.0,4,2,9,2.0,0.0,0,1,0,1,1,7,10,1697,29,1,4
6500000.0,3,3,7,7.0,0.0,0,1,0,1,1,8,10,1153,39,1,4
6500000.0,5,2,11,2.0,0.0,0,0,0,1,1,8,10,755,37,1,4
6500000.0,4,3,9,4.0,0.0,0,1,0,1,1,9,10,1847,23,1,4
6500000.0,6,4,13,4.0,0.0,0,1,0,1,1,7,10,1386,41,1,4
6500000.0,3,3,7,4.0,0.0,0,1,0,1,1,9,10,362,31,1,4
6500000.0,3,3,7,8.0,0.0,1,1,1,1,0,7,10,1567,43,1,4
6500000.0,1,1,3,0.0,0.0,0,0,0,0,0,7,10,727,11,1,10
6550000.0,3,3,7,4.0,0.0,1,1,0,0,1,8,10,745,30,1,4
6600000.0,4,5,9,9.0,0.0,0,1,0,1,1,9,10,1833,28,1,4
6700000.0,4,2,9,4.0,0.0,0,1,0,0,1,8,10,821,42,1,4
6700000.0,3,3,7,2.0,0.0,0,0,0,0,1,9,10,1346,31,1,5
6700000.0,5,5,11,4.0,0.0,1,1,1,1,1,9,10,928,35,1,4
6750000.0,4,5,9,12.0,0.0,1,1,0,1,1,9,10,2413,40,1,4
6750000.0,1,1,3,0.0,0.0,0,0,0,0,1,7,10,916,18,1,8
6750000.0,2,2,5,2.0,113.0,1,1,0,1,1,9,10,781,19,1,5
6799000.0,4,2,9,8.0,354.0,0,1,1,1,1,7,10,1372,40,1,4
6800000.0,4,4,9,6.0,0.0,0,1,1,1,0,7,10,1874,38,1,4
6850000.0,6,4,13,14.0,0.0,0,1,0,1,1,7,10,5078,53,1,4
6879000.0,5,4,11,4.0,0.0,0,0,0,1,1,7,10,455,20,1,4
6900000.0,1,1,3,0.0,0.0,0,0,0,0,1,9,10,439,14,1,8
6900000.0,1,1,3,0.0,0.0,0,0,0,0,1,9,10,825,12,1,8
6900000.0,8,6,17,4.0,0.0,1,1,0,1,1,7,10,1054,46,1,4
6900000.0,1,1,3,0.0,0.0,0,0,0,0,1,9,10,968,13,1,8
6950000.0,3,3,7,4.0,0.0,0,0,0,0,1,8,10,1487,39,1,4
6950000.0,6,4,13,4.0,0.0,0,1,0,1,1,9,10,2110,59,1,4
6950000.0,5,3,11,3.0,0.0,0,1,0,1,1,8,10,1844,18,1,4
6950000.0,1,1,3,0.0,1177.0,0,0,0,0,0,7,10,362,5,1,11
6950000.0,7,5,15,6.0,0.0,1,1,1,1,1,7,10,1121,50,1,4
6950000.0,3,3,7,11.0,1416.0,0,1,1,1,1,9,10,1367,49,1,4
6950000.0,4,3,9,3.0,0.0,0,1,1,0,1,9,10,1223,30,1,4
6950000.0,3,3,7,6.0,0.0,1,1,1,1,1,9,10,1316,42,1,4
6975000.0,3,2,7,8.0,0.0,0,1,0,1,1,9,10,750,24,1,4
6975000.0,3,3,7,4.0,0.0,1,1,1,1,1,8,10,1908,30,1,4
6980000.0,2,3,5,6.0,0.0,0,1,0,1,1,9,10,3372,11,1,4
6995000.0,4,4,9,8.0,745.0,0,1,1,1,1,7,10,4346,41,1,4
7000000.0,5,5,11,6.0,0.0,0,1,0,1,1,9,10,1139,31,1,4
7000000.0,2,1,5,8.0,990.0,0,0,0,1,1,9,10,649,18,1,4
7000000.0,3,1,7,2.0,0.0,0,0,0,0,1,7,10,876,39,1,10
7250000.0,4,3,9,4.0,0.0,0,0,0,1,1,9,10,749,37,1,4
7250000.0,4,3,9,4.0,0.0,0,1,0,1,1,9,10,2248,25,1,4
7350000.0,5,4,11,8.0,0.0,0,1,0,1,1,7,10,1728,29,1,4
7350000.0,5,5,11,6.0,0.0,0,1,0,1,1,7,10,1693,51,1,4
7400000.0,3,4,7,34.0,0.0,0,1,0,0,1,7,10,4573,43,1,10
7400000.0,1,3,3,2.0,0.0,0,0,0,0,1,7,10,1129,41,1,10
7400000.0,3,3,7,2.0,0.0,0,1,1,1,1,9,10,1184,43,1,4
7490000.0,5,3,11,8.0,0.0,1,1,1,0,1,9,10,2036,44,1,4
7500000.0,5,4,11,6.0,0.0,1,1,0,1,0,7,10,1381,33,1,4
7500000.0,3,2,7,4.0,716.0,0,1,0,1,1,9,10,621,32,1,4
7500000.0,5,4,11,8.0,0.0,0,1,0,1,1,7,10,1213,49,1,4
7500000.0,2,2,5,0.0,644.0,0,1,0,1,1,9,10,1019,37,1,4
7550000.0,6,3,13,5.0,0.0,0,1,0,1,1,7,10,2337,80,1,4
7550000.0,4,4,9,10.0,0.0,1,1,1,1,1,9,10,2049,47,1,4
7800000.0,5,4,11,8.0,695.0,0,1,0,1,1,9,10,1463,48,1,4
7800000.0,7,7,15,7.0,0.0,0,1,0,1,0,7,10,2377,37,1,4
7900000.0,3,3,7,13.0,0.0,1,1,1,1,1,7,10,1492,60,1,4
7950000.0,4,2,9,6.0,0.0,1,1,0,1,1,8,10,2118,42,1,4
7950000.0,3,4,7,8.0,0.0,0,1,0,1,1,9,10,1542,20,1,4
7995000.0,3,3,7,6.0,75.0,0,1,1,1,1,9,10,1859,36,1,4
8000000.0,5,4,11,6.0,0.0,1,1,0,1,1,9,10,983,21,1,4
8000000.0,3,3,7,4.0,0.0,0,1,0,1,1,9,10,1478,46,1,4
8000000.0,5,4,11,6.0,1268.0,0,1,0,0,1,7,10,536,64,1,4
8178000.0,3,3,7,6.0,0.0,0,1,1,1,1,9,10,1688,11,1,4
8178000.0,3,4,7,6.0,0.0,0,1,0,1,1,9,10,2578,28,1,4
8400000.0,3,3,7,4.0,378.0,1,1,0,1,1,8,10,1427,18,1,4
8400000.0,5,5,11,7.0,0.0,0,1,0,1,1,9,10,790,34,1,4
8500000.0,5,5,11,5.0,0.0,0,0,1,0,1,7,10,1226,44,1,4
8500000.0,5,5,11,8.0,0.0,0,1,1,1,1,7,10,1876,48,1,4
8500000.0,4,4,9,6.0,0.0,1,1,0,1,1,7,10,884,29,1,4
8500000.0,3,2,7,6.0,0.0,1,1,1,1,0,7,10,936,28,1,4
8500000.0,5,5,11,5.0,0.0,0,1,1,1,1,7,10,1219,31,1,4
8500000.0,5,4,11,4.0,550.0,0,0,0,1,1,7,10,1622,38,1,4
8600000.0,6,4,13,10.0,0.0,1,1,1,1,1,9,10,1831,63,0,4
8750000.0,7,7,15,2.0,350.0,1,1,1,0,1,9,10,1952,46,1,4
8900000.0,6,5,13,4.0,0.0,0,1,0,0,1,9,10,1713,42,1,4
8995000.0,4,3,9,4.0,0.0,0,1,0,1,1,9,10,1440,51,1,4
8995000.0,4,3,9,10.0,0.0,0,1,0,1,1,7,10,1499,36,1,4
8995000.0,1,4,3,0.0,0.0,1,1,0,0,1,8,10,2072,13,1,11
8995000.0,2,3,5,9.0,300.0,0,1,0,0,1,8,10,2752,19,1,11
9000000.0,5,5,11,4.0,0.0,0,1,0,1,1,9,10,979,55,1,4
9750000.0,5,3,11,6.0,0.0,0,1,0,1,1,7,10,1922,31,1,4
9900000.0,1,1,3,18.0,59.0,0,0,0,0,0,7,10,1051,17,1,12
9950000.0,3,2,7,0.0,0.0,0,1,0,1,1,8,10,1029,20,1,4
9950000.0,4,3,9,8.0,0.0,0,1,1,1,1,9,10,2226,31,1,4
9950000.0,4,4,9,4.0,0.0,0,1,0,1,1,8,10,1302,67,1,4
10290000.0,3,3,7,6.0,0.0,0,1,0,1,1,7,10,2911,50,1,4
10290000.0,3,1,7,2.0,0.0,0,1,0,1,1,7,10,3642,50,1,4
10950000.0,4,5,9,14.0,0.0,1,1,1,0,1,9,10,1929,53,1,4
11500000.0,6,5,13,7.0,0.0,1,1,0,0,1,9,10,1450,71,1,4
11500000.0,4,4,9,8.0,0.0,1,1,0,1,1,9,10,2699,25,1,4
11600000.0,3,3,7,3.0,896.0,1,1,0,1,1,9,10,1145,25,1,4
11700000.0,3,2,7,4.0,0.0,0,1,0,1,1,8,10,901,49,1,4
11750000.0,6,6,13,10.0,0.0,1,0,0,1,1,9,10,964,66,1,4
11900000.0,3,3,7,2.0,0.0,1,1,1,0,1,9,10,1024,40,1,4
11900000.0,5,4,11,10.0,0.0,1,1,0,1,1,9,10,821,54,1,4
12000000.0,1,1,3,0.0,1808.0,0,0,1,0,1,9,10,2197,12,1,8
12000000.0,4,4,9,4.0,0.0,0,0,0,1,1,9,10,697,12,1,4
12000000.0,4,4,9,3.0,0.0,0,0,0,1,1,9,10,333,4,1,4
12000000.0,4,3,9,4.0,0.0,0,0,0,1,1,7,10,1016,41,1,4
12205000.0,1,9,3,20.0,0.0,0,0,0,0,0,7,10,641,21,1,11
12500000.0,4,4,9,6.0,0.0,1,1,0,1,1,9,10,1555,16,1,4
12500000.0,5,4,11,4.0,0.0,1,0,0,0,1,8,10,1374,37,1,4
12500000.0,4,2,9,6.0,0.0,0,1,0,1,1,9,10,1764,58,1,4
12500000.0,5,4,11,8.0,0.0,1,1,1,1,1,9,10,2003,26,1,4
12500000.0,5,3,11,6.0,0.0,1,1,0,1,1,9,10,1572,26,1,4
12800000.0,8,8,17,8.0,650.0,1,1,0,1,0,7,10,1860,45,1,4
12950000.0,3,3,7,4.0,0.0,0,0,1,0,0,7,10,1550,12,1,10
12950000.0,3,3,7,0.0,0.0,1,0,0,1,1,8,10,1222,26,1,4
13400000.0,6,6,13,12.0,778.0,1,1,1,1,1,7,10,3851,70,1,4
13950000.0,3,4,7,8.0,0.0,1,1,0,1,1,9,10,1689,51,1,4
13950000.0,4,3,9,4.0,0.0,1,1,1,1,1,9,10,2225,62,1,4
13995000.0,4,3,9,6.0,0.0,0,1,0,1,1,7,10,2487,48,1,4
14500000.0,1,1,3,0.0,0.0,0,0,0,0,0,7,10,1404,24,1,10
15000000.0,1,1,3,0.0,1929.0,0,0,0,0,1,7,10,1015,24,1,8
15850000.0,5,5,11,10.0,0.0,0,1,1,1,1,9,10,1450,40,1,4
